{
  "n_samples": 50,
  "mean_action_l1": 0.11021313044494521,
  "mean_action_l2": 0.5683893576366199,
  "mean_cosine_similarity": -0.21319985422352622,
  "per_dim_l1": [
    0.00589605299893548,
    0.00960919147337183,
    0.010938644123866272,
    0.03606780204529849,
    0.03995073113343294,
    0.11750007957500569,
    0.5515294117647059
  ],
  "per_dim_std": [
    0.002416824758841805,
    0.004533765881215082,
    0.008698094982431605,
    0.02459681938819505,
    0.026462202990921915,
    0.0637858778400938,
    0.3217271345356207
  ],
  "max_joint_error": 0.8313725490196078,
  "exact_match_rate": 0.0,
  "fp16_actions_sample": [
    [
      0.01611943228805764,
      0.023534104206982702,
      0.02600110907984129,
      0.05286444018635071,
      0.041420878703103306,
      0.11598274996818267,
      0.5725490196078431
    ],
    [
      0.01611943228805764,
      0.02612418277123387,
      0.02600110907984129,
      0.04775568635557191,
      0.04878939048157012,
      0.13371252877922604,
      0.6588235294117646
    ],
    [
      0.018132500459166107,
      0.023210344386451302,
      0.028339536564753322,
      0.04711709212672456,
      0.04744966106730343,
      0.11598274996818267,
      0.6588235294117646
    ],
    [
      0.01611943228805764,
      0.023534104206982702,
      0.02600110907984129,
      0.04711709212672456,
      0.041420878703103306,
      0.11598274996818267,
      0.5725490196078431
    ],
    [
      0.01611943228805764,
      0.026771702412296657,
      0.02885918711695599,
      0.05414162864404544,
      0.04878939048157012,
      0.13371252877922604,
      0.6588235294117646
    ]
  ],
  "quant_actions_sample": [
    [
      0.01142227322213787,
      0.016411388155291994,
      0.02054477828171322,
      -0.013549359613773987,
      0.02735371985330297,
      -0.03713806703628286,
      -0.1725490196078432
    ],
    [
      0.01142227322213787,
      0.016411388155291994,
      0.02054477828171322,
      0.033706613320930126,
      -0.022216268474564857,
      -0.03713806703628286,
      -0.1725490196078432
    ],
    [
      0.01142227322213787,
      0.016411388155291994,
      0.02054477828171322,
      0.033706613320930126,
      -0.022216268474564857,
      -0.03713806703628286,
      -0.1725490196078432
    ],
    [
      0.01142227322213787,
      0.016411388155291994,
      0.02054477828171322,
      0.033706613320930126,
      0.02735371985330297,
      0.08213499041982711,
      0.40784313725490184
    ],
    [
      0.01142227322213787,
      0.016411388155291994,
      0.0013177078502143065,
      -0.013549359613773987,
      -0.022216268474564857,
      -0.03713806703628286,
      -0.1725490196078432
    ]
  ]
}