{
  "fp16_ppl": 189395992576.0,
  "quant_timing": {
    "per_layer_seconds": [
      26.051518201828003,
      25.789631843566895,
      25.73189353942871,
      25.65267848968506,
      25.680255651474,
      25.573942184448242,
      25.622682094573975,
      25.669178009033203,
      25.522412300109863,
      25.573311805725098,
      25.524846076965332,
      25.478936195373535,
      25.604315996170044,
      25.568743228912354,
      25.62022066116333,
      25.540709972381592,
      25.59693217277527,
      25.523229122161865,
      25.60282063484192,
      25.51227903366089,
      25.624911069869995,
      25.434643507003784,
      25.544972896575928,
      25.518185138702393,
      25.54700803756714,
      25.557569980621338,
      25.52930521965027,
      25.48268151283264,
      25.587373733520508,
      25.43545627593994,
      25.56773352622986,
      25.486706256866455
    ],
    "total_seconds": 818.7579822540283
  },
  "quant_1bit_ppl": 3094204160.0,
  "ppl_degradation": -186301788416.0,
  "ppl_relative_increase_pct": -98.36627791437648
}