{
  "config": {
    "device": "cuda:0",
    "lora_merged": null,
    "mode": "mixed",
    "nsamples": 1024,
    "blocksize": 128,
    "percdamp": 0.01,
    "n_salient": 50,
    "output": "output/openvla_exp_d_1024",
    "use_aloha": false,
    "eval_action": true,
    "n_eval": 50,
    "eval_ppl": false
  },
  "quant_timing": {
    "per_layer_seconds": [
      17.716463804244995,
      17.618133544921875,
      17.810477256774902,
      17.964859008789062,
      18.03822898864746,
      18.190348386764526,
      18.20263385772705,
      18.264018297195435,
      18.27850580215454,
      18.20306921005249,
      18.256237983703613,
      18.272496461868286,
      18.492778539657593,
      18.430726051330566,
      18.229405403137207,
      18.236811876296997,
      18.24884843826294,
      18.21965765953064,
      18.391554594039917,
      18.36140775680542,
      18.238229990005493,
      18.274816751480103,
      18.246767282485962,
      18.279252290725708,
      18.2813458442688,
      18.267609357833862,
      18.474422454833984,
      18.235069513320923,
      18.253391981124878,
      18.484221935272217,
      18.202506065368652,
      18.241251230239868
    ],
    "total_seconds": 582.9062089920044,
    "mode": "mixed"
  },
  "action_accuracy": {
    "n_valid_samples": 40,
    "mean_action_l1": 0.04459661776002712,
    "mean_action_l2": 0.1695759391136198,
    "mean_cosine_sim": 0.8250705129750322,
    "per_dim_l1": [
      0.0033551136185141182,
      0.021691907975603514,
      0.004157204417621388,
      0.04406300179046731,
      0.010047970607000243,
      0.11121406708745388,
      0.11764705882352935
    ],
    "per_dim_std": [
      3.469446951953614e-18,
      0.0019425589231883743,
      0.0011325521215032794,
      3.469446951953614e-17,
      5.204170427930421e-18,
      0.0,
      2.7755575615628914e-17
    ],
    "per_dim_labels": [
      "x",
      "y",
      "z",
      "roll",
      "pitch",
      "yaw",
      "gripper"
    ],
    "fp16_actions_sample": [
      [
        -0.008484734247712542,
        -0.012403235872002243,
        -0.0025796712913057455,
        -0.023128273046484286,
        -0.032264239081565095,
        -0.061315038142251116,
        -0.2901960784313726
      ],
      [
        -0.008484734247712542,
        -0.012403235872002243,
        -0.0025796712913057455,
        -0.023128273046484286,
        -0.032264239081565095,
        -0.061315038142251116,
        -0.2901960784313726
      ],
      [
        -0.008484734247712542,
        -0.012403235872002243,
        -0.0025796712913057455,
        -0.023128273046484286,
        -0.032264239081565095,
        -0.061315038142251116,
        -0.2901960784313726
      ],
      [
        -0.008484734247712542,
        -0.01887843228263016,
        -0.0025796712913057455,
        -0.023128273046484286,
        -0.032264239081565095,
        -0.061315038142251116,
        -0.2901960784313726
      ],
      [
        -0.008484734247712542,
        -0.012403235872002243,
        -0.0025796712913057455,
        -0.023128273046484286,
        -0.032264239081565095,
        -0.061315038142251116,
        -0.2901960784313726
      ]
    ],
    "quant_actions_sample": [
      [
        -0.005129620629198427,
        -0.03474266348866856,
        0.0013177078502143065,
        -0.06719127483695163,
        -0.022216268474564857,
        -0.172529105229705,
        -0.1725490196078432
      ],
      [
        -0.005129620629198427,
        -0.03474266348866856,
        0.0013177078502143065,
        -0.06719127483695163,
        -0.022216268474564857,
        -0.172529105229705,
        -0.1725490196078432
      ],
      [
        -0.005129620629198427,
        -0.03474266348866856,
        0.0013177078502143065,
        -0.06719127483695163,
        -0.022216268474564857,
        -0.172529105229705,
        -0.1725490196078432
      ],
      [
        -0.005129620629198427,
        -0.03474266348866856,
        0.0013177078502143065,
        -0.06719127483695163,
        -0.022216268474564857,
        -0.172529105229705,
        -0.1725490196078432
      ],
      [
        -0.005129620629198427,
        -0.03474266348866856,
        0.0013177078502143065,
        -0.06719127483695163,
        -0.022216268474564857,
        -0.172529105229705,
        -0.1725490196078432
      ]
    ]
  }
}