{
  "n_valid": 40,
  "mean_action_l1": 0.20000701227145531,
  "mean_action_l2": 0.9769697363651966,
  "mean_cosine_sim": 0.07894758790323311,
  "per_dim_l1": [
    0.027064583189347208,
    0.03917493828429891,
    0.031438858408261744,
    0.07726990169052964,
    0.08105362956313522,
    0.1950275669214772,
    0.9490196078431368
  ],
  "per_dim_std": [
    1.3877787807814457e-17,
    6.938893903907228e-18,
    0.0,
    6.938893903907228e-17,
    0.0,
    8.326672684688674e-17,
    4.440892098500626e-16
  ],
  "per_dim_labels": [
    "x",
    "y",
    "z",
    "roll",
    "pitch",
    "yaw",
    "gripper"
  ],
  "fp16_actions_sample": [
    [
      -0.00020878732204438963,
      -0.00042412251234059256,
      0.007033863924443714,
      0.0004997134208677839,
      -0.007479244917631175,
      -0.0016785094141960888,
      0.0
    ],
    [
      -0.00020878732204438963,
      -0.00042412251234059256,
      0.007033863924443714,
      0.0004997134208677839,
      -0.007479244917631175,
      -0.0016785094141960888,
      0.0
    ],
    [
      -0.00020878732204438963,
      -0.00042412251234059256,
      0.007033863924443714,
      0.0004997134208677839,
      -0.007479244917631175,
      -0.0016785094141960888,
      0.0
    ],
    [
      -0.00020878732204438963,
      -0.00042412251234059256,
      0.007033863924443714,
      0.0004997134208677839,
      -0.007479244917631175,
      -0.0016785094141960888,
      0.0
    ],
    [
      -0.00020878732204438963,
      -0.00042412251234059256,
      0.007033863924443714,
      0.0004997134208677839,
      -0.007479244917631175,
      -0.0016785094141960888,
      0.0
    ]
  ],
  "quant_actions_sample": [
    [
      -0.027273370511391583,
      -0.039599060796639496,
      -0.024404994483818027,
      -0.07677018826966192,
      -0.0885328744807664,
      -0.19670607633567322,
      -0.9490196078431372
    ],
    [
      -0.027273370511391583,
      -0.039599060796639496,
      -0.024404994483818027,
      -0.07677018826966192,
      -0.0885328744807664,
      -0.19670607633567322,
      -0.9490196078431372
    ],
    [
      -0.027273370511391583,
      -0.039599060796639496,
      -0.024404994483818027,
      -0.07677018826966192,
      -0.0885328744807664,
      -0.19670607633567322,
      -0.9490196078431372
    ],
    [
      -0.027273370511391583,
      -0.039599060796639496,
      -0.024404994483818027,
      -0.07677018826966192,
      -0.0885328744807664,
      -0.19670607633567322,
      -0.9490196078431372
    ],
    [
      -0.027273370511391583,
      -0.039599060796639496,
      -0.024404994483818027,
      -0.07677018826966192,
      -0.0885328744807664,
      -0.19670607633567322,
      -0.9490196078431372
    ]
  ]
}