{
  "n_valid": 40,
  "mean_action_l1": 0.08230562367754823,
  "mean_action_l2": 0.40366709671140244,
  "mean_cosine_sim": 0.998777246647262,
  "per_dim_l1": [
    0.008790397680506986,
    0.016187991026569797,
    0.012991263805066827,
    0.03192971144236764,
    0.033493235356667476,
    0.08058990368656091,
    0.3921568627450983
  ],
  "per_dim_std": [
    0.0040006437564966725,
    3.469446951953614e-18,
    8.673617379884035e-18,
    1.3877787807814457e-17,
    2.0816681711721685e-17,
    8.326672684688674e-17,
    2.220446049250313e-16
  ],
  "per_dim_labels": [
    "x",
    "y",
    "z",
    "roll",
    "pitch",
    "yaw",
    "gripper"
  ],
  "fp16_actions_sample": [
    [
      -0.004682272146729876,
      -0.006899318922968509,
      0.001837358402416979,
      -0.012272171156079273,
      -0.020876539060298155,
      -0.03391447088882041,
      -0.1568627450980392
    ],
    [
      -0.004682272146729876,
      -0.006899318922968509,
      0.001837358402416979,
      -0.012272171156079273,
      -0.020876539060298155,
      -0.03391447088882041,
      -0.1568627450980392
    ],
    [
      -0.004682272146729876,
      -0.006899318922968509,
      0.001837358402416979,
      -0.012272171156079273,
      -0.020876539060298155,
      -0.03391447088882041,
      -0.1568627450980392
    ],
    [
      -0.004682272146729876,
      -0.006899318922968509,
      0.001837358402416979,
      -0.012272171156079273,
      -0.020876539060298155,
      -0.03391447088882041,
      -0.1568627450980392
    ],
    [
      -0.004682272146729876,
      -0.006899318922968509,
      0.001837358402416979,
      -0.012272171156079273,
      -0.020876539060298155,
      -0.03391447088882041,
      -0.1568627450980392
    ]
  ],
  "quant_actions_sample": [
    [
      -0.015865984208443595,
      -0.02308730994953831,
      -0.011153905402649857,
      -0.04420188259844693,
      -0.05436977441696561,
      -0.11450437457538123,
      -0.5490196078431373
    ],
    [
      0.015001061081886261,
      -0.02308730994953831,
      -0.011153905402649857,
      -0.04420188259844693,
      -0.05436977441696561,
      -0.11450437457538123,
      -0.5490196078431373
    ],
    [
      -0.011392499383758106,
      -0.02308730994953831,
      -0.011153905402649857,
      -0.04420188259844693,
      -0.05436977441696561,
      -0.11450437457538123,
      -0.5490196078431373
    ],
    [
      -0.011392499383758106,
      -0.02308730994953831,
      -0.011153905402649857,
      -0.04420188259844693,
      -0.05436977441696561,
      -0.11450437457538123,
      -0.5490196078431373
    ],
    [
      -0.011392499383758106,
      -0.02308730994953831,
      -0.011153905402649857,
      -0.04420188259844693,
      -0.05436977441696561,
      -0.11450437457538123,
      -0.5490196078431373
    ]
  ]
}