{
  "config": {
    "device": "cuda:0",
    "lora_merged": null,
    "mode": "mixed",
    "nsamples": 128,
    "blocksize": 128,
    "percdamp": 0.01,
    "n_salient": 50,
    "output": "output/openvla_bridge_calib",
    "use_aloha": false,
    "eval_action": true,
    "n_eval": 50,
    "eval_ppl": false
  },
  "quant_timing": {
    "per_layer_seconds": [
      8.569581985473633,
      8.414165019989014,
      8.376201868057251,
      8.368003129959106,
      8.337096929550171,
      8.390807151794434,
      8.384585618972778,
      8.37754487991333,
      8.35396695137024,
      8.384591817855835,
      8.364956378936768,
      8.377195119857788,
      8.743499517440796,
      8.395227432250977,
      8.414692640304565,
      8.383979320526123,
      8.374763488769531,
      8.431551218032837,
      8.402229070663452,
      8.433993339538574,
      8.37365198135376,
      8.373875379562378,
      8.402851343154907,
      8.375832796096802,
      8.418383836746216,
      8.374144554138184,
      8.47673773765564,
      8.403477430343628,
      8.398773431777954,
      8.589871644973755,
      8.400229454040527,
      8.4191575050354
    ],
    "total_seconds": 269.28611278533936,
    "mode": "mixed"
  },
  "action_accuracy": {
    "n_valid_samples": 40,
    "mean_action_l1": 0.042976713380643274,
    "mean_action_l2": 0.20992738136772812,
    "mean_cosine_sim": 0.9999876152349645,
    "per_dim_l1": [
      0.005815530272091134,
      0.008417755333816284,
      0.006755457178634745,
      0.01660344995003116,
      0.01741648238546708,
      0.0419067499170116,
      0.20392156862745106
    ],
    "per_dim_std": [
      3.469446951953614e-18,
      8.673617379884035e-18,
      6.938893903907228e-18,
      1.0408340855860843e-17,
      6.938893903907228e-18,
      0.0,
      1.3877787807814457e-16
    ],
    "per_dim_labels": [
      "x",
      "y",
      "z",
      "roll",
      "pitch",
      "yaw",
      "gripper"
    ],
    "fp16_actions_sample": [
      [
        -0.015865984208443595,
        -0.02308730994953831,
        -0.011153905402649857,
        -0.04420188259844693,
        -0.05436977441696561,
        -0.11450437457538123,
        -0.5490196078431373
      ],
      [
        -0.015865984208443595,
        -0.02308730994953831,
        -0.011153905402649857,
        -0.04420188259844693,
        -0.05436977441696561,
        -0.11450437457538123,
        -0.5490196078431373
      ],
      [
        -0.015865984208443595,
        -0.02308730994953831,
        -0.011153905402649857,
        -0.04420188259844693,
        -0.05436977441696561,
        -0.11450437457538123,
        -0.5490196078431373
      ],
      [
        -0.015865984208443595,
        -0.02308730994953831,
        -0.011153905402649857,
        -0.04420188259844693,
        -0.05436977441696561,
        -0.11450437457538123,
        -0.5490196078431373
      ],
      [
        -0.015865984208443595,
        -0.02308730994953831,
        -0.011153905402649857,
        -0.04420188259844693,
        -0.05436977441696561,
        -0.11450437457538123,
        -0.5490196078431373
      ]
    ],
    "quant_actions_sample": [
      [
        -0.021681514480534726,
        -0.0315050652833546,
        -0.01790936258128461,
        -0.0608053325484781,
        -0.07178625680243268,
        -0.15641112449239283,
        -0.7529411764705882
      ],
      [
        -0.021681514480534726,
        -0.0315050652833546,
        -0.01790936258128461,
        -0.0608053325484781,
        -0.07178625680243268,
        -0.15641112449239283,
        -0.7529411764705882
      ],
      [
        -0.021681514480534726,
        -0.0315050652833546,
        -0.01790936258128461,
        -0.0608053325484781,
        -0.07178625680243268,
        -0.15641112449239283,
        -0.7529411764705882
      ],
      [
        -0.021681514480534726,
        -0.0315050652833546,
        -0.01790936258128461,
        -0.0608053325484781,
        -0.07178625680243268,
        -0.15641112449239283,
        -0.7529411764705882
      ],
      [
        -0.021681514480534726,
        -0.0315050652833546,
        -0.01790936258128461,
        -0.0608053325484781,
        -0.07178625680243268,
        -0.15641112449239283,
        -0.7529411764705882
      ]
    ]
  }
}