{
  "fp16_ppl": 189395992576.0,
  "quant_timing": {
    "per_layer_seconds": [
      72.80510401725769,
      74.81697630882263,
      72.65614581108093,
      76.71718573570251,
      75.59417653083801,
      75.18312120437622,
      75.39608454704285,
      75.68478727340698,
      75.57294702529907,
      75.27798700332642,
      75.33011889457703,
      76.54637360572815,
      75.37079668045044,
      74.92859292030334,
      74.81523895263672,
      74.79281640052795,
      77.31895399093628,
      77.42098212242126,
      76.33147883415222,
      75.64138889312744,
      75.10253047943115,
      75.60955667495728,
      75.29173588752747,
      76.03320646286011,
      75.45397901535034,
      75.48386812210083,
      85.70483422279358,
      90.6754469871521,
      93.51801753044128,
      91.27535581588745,
      89.8173828125,
      90.97884845733643
    ],
    "total_seconds": 2503.1469650268555
  },
  "quant_1bit_ppl": 361188261888.0,
  "ppl_degradation": 171792269312.0
}